equipment_id,equipment_name,manufacturer,purchase_date,serial_number,location,maintenance_interval,calibration_date
1,Honorable,Edgeify,10/13/2020,ABCDEFGH,17th Floor,5,2/19/2020
2,Rev,Riffpath,7/10/2020,ABCDEFGH,Suite 66,10,7/4/2018
3,Mr,Youfeed,12/20/2010,XYZ12345,PO Box 57543,1,8/2/2022
4,Dr,Yacero,5/21/2010,XYZ12345,Suite 85,7,10/29/2014
5,Dr,Skyble,3/8/2017,ABCDEFGH,20th Floor,7,6/18/2020
6,Ms,Rhynyx,5/2/2021,XYZ12345,Apt 730,5,11/26/2016
7,Mr,JumpXS,5/21/2015,ABCDEFGH,Suite 56,1,9/15/2014
8,Ms,Dynabox,8/28/2019,ABCDEFGH,20th Floor,12,10/13/2018
9,Mr,Abata,9/4/2021,123456789,Suite 7,7,11/29/2015
10,Dr,Zoomcast,12/7/2019,ABCDEFGH,Room 154,7,8/7/2013
11,Mrs,Shuffledrive,9/1/2022,ABCDEFGH,Apt 921,8,12/28/2018
12,Honorable,Wikivu,6/22/2011,XYZ12345,6th Floor,12,9/7/2020
13,Rev,Flipbug,7/1/2015,ABCDEFGH,Apt 1436,6,9/1/2011
14,Rev,Innotype,8/15/2012,ABCDEFGH,Room 750,11,9/18/2021
15,Mrs,Blogpad,6/11/2015,123456789,Suite 26,10,8/15/2016
16,Ms,Youbridge,9/22/2012,XYZ12345,Apt 731,6,12/20/2018
17,Mrs,Ntag,3/9/2015,123456789,PO Box 77340,2,10/10/2011
18,Ms,Ooba,12/8/2019,123456789,9th Floor,4,1/5/2013
19,Honorable,Realblab,8/5/2014,123456789,PO Box 34199,10,7/1/2011
20,Ms,Agimba,10/25/2010,XYZ12345,12th Floor,6,6/21/2014
21,Mr,Centidel,2/10/2021,ABCDEFGH,Apt 14,2,11/14/2022
22,Mr,Skinix,11/5/2017,XYZ12345,Suite 80,4,6/19/2010
23,Mr,Mynte,2/6/2022,ABCDEFGH,Room 1691,5,11/30/2011
24,Rev,Mynte,6/26/2020,123456789,Suite 74,2,2/24/2016
25,Mrs,Skimia,10/30/2019,123456789,1st Floor,6,7/22/2022
26,Mrs,Kwinu,6/18/2018,XYZ12345,Suite 42,9,2/7/2019
27,Dr,Wordtune,3/20/2014,XYZ12345,Room 161,4,9/5/2015
28,Ms,Browsebug,4/14/2020,XYZ12345,Apt 1659,2,3/26/2021
29,Ms,Meembee,1/3/2012,XYZ12345,Room 457,7,6/4/2017
30,Ms,Eabox,6/3/2010,ABCDEFGH,Apt 535,9,8/14/2018
31,Mr,Aimbo,9/10/2010,ABCDEFGH,19th Floor,9,7/26/2014
32,Ms,Gabcube,1/6/2022,123456789,Suite 36,2,9/28/2021
33,Ms,Browsecat,1/6/2019,ABCDEFGH,PO Box 95268,3,1/11/2022
34,Mr,Latz,1/30/2022,XYZ12345,Apt 1848,3,9/26/2011
35,Mr,Topicblab,6/11/2021,ABCDEFGH,Apt 77,6,6/17/2022
36,Mr,Voonyx,2/28/2013,ABCDEFGH,Room 558,7,7/5/2010
37,Honorable,Lajo,11/10/2018,123456789,Apt 399,11,7/17/2011
38,Mrs,Mycat,5/24/2022,123456789,Apt 73,6,8/5/2017
39,Rev,Muxo,3/28/2016,ABCDEFGH,Apt 39,5,8/31/2014
40,Mrs,Realbuzz,4/30/2010,ABCDEFGH,Apt 55,10,11/8/2021
41,Mrs,Feedfire,7/28/2021,XYZ12345,Suite 79,9,9/3/2021
42,Ms,Zooveo,3/25/2011,ABCDEFGH,Apt 1070,3,2/11/2019
43,Rev,Tagfeed,4/16/2016,XYZ12345,PO Box 21077,2,7/4/2011
44,Honorable,Voomm,6/12/2021,XYZ12345,Apt 1490,8,6/21/2015
45,Mrs,Photobug,2/27/2019,123456789,Apt 469,8,3/19/2019
46,Rev,Yombu,4/6/2012,XYZ12345,PO Box 8527,5,8/12/2015
47,Mrs,Geba,9/28/2012,123456789,Apt 1445,1,11/26/2010
48,Honorable,Izio,10/9/2015,XYZ12345,Suite 82,9,11/8/2011
49,Honorable,Riffpath,6/21/2012,ABCDEFGH,Apt 905,6,7/4/2012
50,Honorable,Jamia,1/2/2022,ABCDEFGH,Apt 1102,3,6/10/2015
51,Mr,Rhyloo,6/28/2021,ABCDEFGH,Room 69,9,3/11/2012
52,Dr,Eimbee,7/12/2013,ABCDEFGH,Suite 88,6,3/6/2015
53,Dr,Photobug,3/30/2012,XYZ12345,Suite 39,8,9/4/2020
54,Honorable,Eire,9/20/2022,ABCDEFGH,PO Box 32302,6,10/5/2018
55,Ms,Voonyx,3/14/2010,ABCDEFGH,PO Box 96979,10,5/27/2022
56,Mr,Oyope,12/25/2016,ABCDEFGH,Apt 1172,8,12/5/2016
57,Mr,Buzzdog,9/28/2020,XYZ12345,4th Floor,7,12/30/2016
58,Mrs,Mita,6/26/2019,ABCDEFGH,Room 1795,11,9/27/2021
59,Honorable,Wikizz,4/25/2016,123456789,Apt 167,11,5/21/2012
60,Dr,Leenti,9/25/2016,ABCDEFGH,5th Floor,12,4/21/2010
61,Ms,Einti,11/14/2019,ABCDEFGH,PO Box 34704,4,3/29/2013
62,Dr,Rhyzio,3/14/2012,ABCDEFGH,Suite 86,2,6/25/2010
63,Mrs,Zooveo,6/10/2010,XYZ12345,17th Floor,12,7/19/2014
64,Dr,Edgeclub,4/8/2015,ABCDEFGH,PO Box 29578,5,5/11/2019
65,Mr,Yamia,8/27/2010,123456789,PO Box 36743,11,3/6/2013
66,Rev,Browsezoom,5/31/2010,123456789,Suite 12,9,7/26/2019
67,Dr,Gigashots,11/28/2010,123456789,Room 1925,2,6/1/2013
68,Dr,Jatri,3/27/2016,123456789,Room 1854,4,5/30/2012
69,Dr,Skiptube,5/19/2012,ABCDEFGH,Apt 575,9,3/6/2015
70,Ms,Abata,4/23/2015,123456789,Apt 231,10,2/6/2015
71,Dr,Brainlounge,9/13/2022,123456789,16th Floor,1,5/30/2021
72,Mr,Oba,9/6/2011,XYZ12345,Apt 1936,8,8/6/2022
73,Dr,Zoomzone,8/27/2019,123456789,5th Floor,2,6/28/2016
74,Rev,Jabberbean,3/2/2022,ABCDEFGH,15th Floor,9,11/25/2022
75,Honorable,Jazzy,1/20/2019,ABCDEFGH,11th Floor,9,5/12/2014
76,Mr,Midel,9/2/2021,123456789,PO Box 45711,2,11/3/2021
77,Dr,Devbug,5/26/2010,XYZ12345,17th Floor,2,2/11/2017
78,Mrs,Kaymbo,11/14/2021,123456789,Apt 1338,10,8/19/2015
79,Mrs,Yamia,9/21/2022,ABCDEFGH,Apt 556,1,8/29/2012
80,Dr,Quaxo,10/1/2021,ABCDEFGH,Apt 686,4,7/25/2014
81,Mr,Gigashots,5/19/2011,123456789,Suite 84,5,8/2/2019
82,Rev,Twitterbridge,4/28/2013,ABCDEFGH,Room 568,2,2/22/2015
83,Honorable,Gabspot,4/15/2019,XYZ12345,Room 716,7,12/31/2012
84,Ms,Buzzbean,3/28/2017,ABCDEFGH,Room 1768,2,2/3/2010
85,Mrs,Abata,4/28/2013,ABCDEFGH,Suite 32,11,11/29/2022
86,Honorable,Leenti,12/27/2022,ABCDEFGH,PO Box 31328,8,3/16/2017
87,Ms,Blognation,6/18/2018,123456789,Suite 62,12,7/8/2011
88,Dr,Jatri,8/19/2014,123456789,9th Floor,7,7/8/2015
89,Dr,Mudo,10/2/2015,ABCDEFGH,Suite 97,8,7/17/2013
90,Dr,Wikibox,10/6/2011,123456789,Apt 1242,6,5/29/2011
91,Rev,Livetube,6/23/2015,123456789,5th Floor,1,5/27/2021
92,Dr,Quatz,4/21/2014,123456789,Suite 11,7,3/9/2020
93,Dr,Plajo,2/7/2021,XYZ12345,Room 1897,3,6/7/2021
94,Dr,Aimbu,9/24/2014,123456789,Suite 39,3,4/25/2013
95,Mr,Voolith,5/9/2021,123456789,PO Box 36500,4,8/11/2010
96,Mrs,Topiclounge,1/27/2015,XYZ12345,PO Box 89216,2,11/4/2021
97,Ms,Gigashots,4/24/2021,ABCDEFGH,Suite 70,5,3/16/2020
98,Honorable,Lazz,2/4/2021,123456789,PO Box 11451,7,7/29/2020
99,Honorable,Tagtune,1/10/2021,ABCDEFGH,20th Floor,9,3/5/2017
100,Rev,Mudo,6/18/2015,123456789,Suite 20,4,6/23/2020
101,Mr,Pixope,6/18/2018,123456789,18th Floor,8,9/25/2012
102,Dr,Plambee,9/13/2015,ABCDEFGH,9th Floor,7,6/5/2020
103,Rev,Rhyloo,8/12/2010,123456789,Apt 1596,6,12/7/2022
104,Mrs,Thoughtworks,12/2/2013,123456789,1st Floor,12,2/8/2019
105,Dr,Quimba,3/1/2016,123456789,Apt 1740,7,2/27/2014
106,Mrs,Wordtune,2/28/2018,123456789,Apt 488,5,1/11/2016
107,Dr,Fliptune,4/23/2014,XYZ12345,Room 1246,3,11/4/2013
108,Dr,Edgeclub,9/8/2015,123456789,Apt 1674,11,10/24/2022
109,Mrs,Snaptags,1/21/2015,XYZ12345,11th Floor,6,1/29/2016
110,Ms,Vinder,4/27/2014,ABCDEFGH,PO Box 94478,8,9/24/2020
111,Mrs,Eabox,10/14/2016,123456789,PO Box 52456,4,5/11/2011
112,Mrs,Chatterpoint,1/18/2015,123456789,19th Floor,10,8/18/2011
113,Mrs,Livefish,6/23/2011,XYZ12345,Suite 75,3,2/3/2010
114,Ms,Oyoloo,4/21/2014,ABCDEFGH,Apt 1341,11,8/26/2010
115,Ms,Topiczoom,3/28/2012,ABCDEFGH,Room 1058,6,2/1/2016
116,Honorable,Yakijo,9/11/2011,123456789,Apt 82,12,4/23/2015
117,Dr,Kare,9/12/2015,ABCDEFGH,Apt 1078,1,10/12/2011
118,Ms,Photofeed,7/3/2014,XYZ12345,Apt 929,5,10/13/2017
119,Mr,Ailane,2/4/2022,123456789,Apt 427,3,10/22/2016
120,Mr,Mymm,12/26/2011,ABCDEFGH,Suite 89,12,5/24/2010
121,Mrs,Talane,7/22/2014,XYZ12345,PO Box 92516,2,9/22/2020
122,Mrs,Demimbu,2/25/2015,123456789,Apt 1608,6,4/10/2019
123,Honorable,Oba,3/13/2011,XYZ12345,17th Floor,11,3/22/2020
124,Honorable,Ozu,2/22/2015,XYZ12345,Apt 860,10,12/20/2019
125,Mr,Eimbee,9/26/2019,ABCDEFGH,Suite 13,7,8/25/2017
126,Mr,Devpoint,8/3/2015,XYZ12345,PO Box 84945,3,11/27/2016
127,Dr,Rhycero,5/20/2018,123456789,Apt 610,3,4/14/2017
128,Mr,Yabox,7/27/2021,123456789,11th Floor,6,11/13/2012
129,Rev,Kare,5/5/2012,XYZ12345,PO Box 595,9,11/16/2014
130,Honorable,Jaxworks,7/21/2018,123456789,Apt 1114,8,7/27/2012
131,Ms,Feedmix,9/27/2015,123456789,Suite 65,3,5/9/2022
132,Ms,Twinder,1/23/2011,123456789,Room 1570,3,7/23/2010
133,Mr,Shuffletag,5/13/2011,XYZ12345,Room 659,12,5/2/2021
134,Ms,Skidoo,3/17/2017,XYZ12345,Room 1215,12,9/23/2022
135,Ms,Aimbu,4/7/2019,ABCDEFGH,Suite 28,6,8/15/2017
136,Ms,Gigazoom,8/11/2010,XYZ12345,Suite 88,1,6/11/2019
137,Mrs,Skimia,10/18/2011,123456789,PO Box 36983,3,3/10/2012
138,Honorable,Miboo,5/30/2013,XYZ12345,PO Box 72554,12,3/22/2014
139,Mrs,Eamia,6/14/2016,123456789,Apt 1502,8,2/23/2012
140,Dr,Feedbug,5/17/2016,XYZ12345,PO Box 30108,11,6/17/2010
141,Honorable,Avaveo,7/4/2010,ABCDEFGH,16th Floor,9,1/31/2011
142,Honorable,Kazu,10/7/2014,123456789,PO Box 31349,2,8/14/2022
143,Dr,Oyope,4/2/2015,ABCDEFGH,Room 1314,2,7/30/2018
144,Honorable,Cogidoo,6/25/2015,123456789,Apt 178,9,12/18/2020
145,Ms,Tagtune,11/26/2019,ABCDEFGH,Room 1430,8,12/4/2017
146,Mr,Divanoodle,3/17/2014,ABCDEFGH,PO Box 27406,9,10/26/2017
147,Ms,Blognation,7/14/2022,XYZ12345,Apt 18,8,6/2/2011
148,Honorable,Vidoo,10/23/2015,123456789,Suite 81,8,8/25/2021
149,Ms,Youopia,9/25/2020,123456789,PO Box 88076,12,8/13/2018
150,Rev,Vinte,4/21/2010,123456789,Apt 914,1,6/15/2012
151,Honorable,Realcube,7/25/2018,XYZ12345,Suite 10,2,6/22/2018
152,Mr,Gabspot,4/4/2011,XYZ12345,Apt 1404,11,11/19/2020
153,Ms,Miboo,11/17/2014,123456789,Suite 48,1,12/30/2018
154,Dr,Avamm,8/6/2011,123456789,Apt 85,12,10/13/2019
155,Rev,Abatz,5/9/2012,ABCDEFGH,PO Box 93016,9,3/8/2013
156,Mr,Tagcat,2/26/2011,123456789,PO Box 71226,4,2/15/2022
157,Mr,Shuffledrive,12/17/2010,ABCDEFGH,PO Box 64633,11,10/28/2019
158,Ms,JumpXS,8/20/2010,123456789,PO Box 66687,3,2/1/2014
159,Mr,Agivu,10/28/2020,XYZ12345,PO Box 51743,6,12/9/2015
160,Mrs,Jaxbean,8/10/2022,ABCDEFGH,Apt 93,12,6/6/2016
161,Dr,Myworks,6/15/2013,123456789,Room 1576,7,4/11/2019
162,Mrs,Mita,11/4/2017,123456789,18th Floor,8,7/30/2010
163,Dr,Voolith,5/15/2010,ABCDEFGH,Apt 1228,2,12/26/2017
164,Rev,Jamia,9/18/2016,XYZ12345,13th Floor,4,9/25/2019
165,Ms,Zava,10/17/2013,123456789,Suite 19,5,8/9/2012
166,Honorable,Eire,9/16/2020,XYZ12345,PO Box 66737,6,4/19/2012
167,Honorable,Gigashots,10/17/2018,123456789,Room 532,9,7/21/2017
168,Mrs,Trupe,7/22/2022,XYZ12345,PO Box 76430,9,5/12/2013
169,Rev,Trudeo,12/18/2018,XYZ12345,7th Floor,8,2/9/2014
170,Honorable,Trilia,3/19/2021,123456789,Suite 30,12,8/11/2019
171,Dr,Avamm,8/2/2017,123456789,Apt 303,9,7/1/2022
172,Ms,Oozz,6/15/2015,XYZ12345,Room 776,12,4/13/2019
173,Dr,Feedspan,1/4/2020,123456789,19th Floor,3,11/10/2017
174,Dr,LiveZ,10/26/2016,123456789,Apt 389,3,1/13/2015
175,Rev,Flipstorm,9/26/2013,XYZ12345,Suite 100,1,3/26/2019
176,Honorable,Kazu,10/1/2011,ABCDEFGH,Room 1984,5,6/29/2013
177,Mr,Skinix,1/2/2017,XYZ12345,PO Box 5302,2,10/1/2017
178,Dr,Oyope,4/14/2022,XYZ12345,10th Floor,11,12/8/2017
179,Ms,Meeveo,11/28/2014,123456789,Room 491,6,1/29/2019
180,Mr,Vinder,2/20/2020,XYZ12345,Apt 908,9,5/5/2013
181,Dr,Skyvu,11/30/2014,ABCDEFGH,13th Floor,1,8/2/2018
182,Honorable,Trunyx,6/27/2011,ABCDEFGH,Apt 653,11,4/6/2020
183,Dr,Divavu,1/1/2018,XYZ12345,Room 27,7,7/23/2017
184,Honorable,Jaloo,7/17/2020,ABCDEFGH,Room 1336,5,1/24/2011
185,Honorable,Thoughtworks,1/31/2012,XYZ12345,Room 1160,5,11/24/2018
186,Mrs,Trunyx,5/4/2020,ABCDEFGH,PO Box 45015,3,10/26/2011
187,Ms,Myworks,3/22/2018,123456789,PO Box 73670,5,12/23/2019
188,Ms,Shuffletag,3/5/2013,XYZ12345,Room 1513,5,1/15/2019
189,Honorable,Vidoo,5/15/2011,XYZ12345,Suite 11,3,10/19/2020
190,Honorable,Twitterlist,11/17/2013,ABCDEFGH,PO Box 32007,1,2/21/2022
191,Mrs,Devpulse,4/6/2014,ABCDEFGH,Room 740,3,7/19/2014
192,Ms,Blognation,1/21/2012,ABCDEFGH,PO Box 14377,7,7/30/2016
193,Rev,Photobug,9/6/2016,XYZ12345,19th Floor,1,11/8/2013
194,Mrs,Wikizz,5/31/2018,XYZ12345,Suite 34,2,7/2/2021
195,Honorable,Thoughtbridge,11/22/2020,XYZ12345,12th Floor,10,12/4/2020
196,Rev,Quamba,1/4/2017,ABCDEFGH,16th Floor,4,7/14/2014
197,Ms,Oyope,2/16/2019,ABCDEFGH,Room 1720,11,11/7/2013
198,Ms,Tagpad,1/27/2012,123456789,Room 1355,6,9/20/2022
199,Mr,Photobean,8/5/2015,ABCDEFGH,9th Floor,11,11/25/2012
200,Ms,Quatz,3/22/2013,ABCDEFGH,PO Box 50343,12,3/17/2015
201,Rev,Buzzdog,8/1/2018,123456789,PO Box 13576,4,1/12/2013
202,Dr,Aibox,10/1/2021,ABCDEFGH,10th Floor,8,7/8/2018
203,Mr,Oyonder,7/24/2017,XYZ12345,Room 223,1,6/9/2015
204,Mrs,Meevee,11/4/2011,123456789,Suite 23,12,8/9/2012
205,Ms,Skippad,8/11/2010,123456789,Room 825,9,7/3/2022
206,Ms,Realpoint,4/24/2019,ABCDEFGH,18th Floor,7,8/27/2021
207,Rev,Demivee,8/8/2022,123456789,Apt 1906,4,1/8/2022
208,Rev,Quimba,7/16/2020,123456789,Apt 922,10,2/17/2015
209,Rev,Realpoint,4/28/2019,123456789,2nd Floor,12,11/11/2019
210,Ms,Dabjam,6/11/2010,123456789,Apt 957,11,11/20/2019
211,Mr,Blogspan,6/4/2020,XYZ12345,Apt 1072,6,1/1/2011
212,Ms,Bluezoom,9/11/2016,ABCDEFGH,Room 1598,6,9/1/2017
213,Honorable,Yakijo,1/6/2015,123456789,7th Floor,8,11/24/2011
214,Honorable,Zoomzone,10/26/2010,123456789,Suite 72,5,12/28/2014
215,Ms,Dynabox,5/17/2022,123456789,14th Floor,8,12/13/2021
216,Honorable,Oozz,5/30/2015,ABCDEFGH,Room 50,1,9/12/2010
217,Ms,Skimia,1/11/2015,123456789,Apt 705,8,3/9/2012
218,Rev,Realbridge,7/6/2017,XYZ12345,Apt 1491,1,1/18/2015
219,Ms,Dabtype,6/20/2021,ABCDEFGH,Room 464,8,8/16/2020
220,Mr,Rhynoodle,2/25/2018,XYZ12345,Room 312,4,2/6/2014
221,Ms,Tagtune,12/2/2020,ABCDEFGH,Apt 1270,5,11/4/2011
222,Mrs,Dabtype,7/22/2022,123456789,1st Floor,10,12/19/2015
223,Rev,Livetube,6/16/2010,123456789,7th Floor,5,1/8/2022
224,Mrs,Jabbercube,11/14/2017,ABCDEFGH,PO Box 41383,7,11/19/2010
225,Honorable,Gabtune,4/24/2010,123456789,10th Floor,8,6/27/2021
226,Ms,Tagcat,7/26/2013,XYZ12345,Room 1982,3,8/8/2019
227,Dr,Skilith,5/13/2012,123456789,Apt 1545,4,2/14/2010
228,Mr,Pixope,1/18/2019,XYZ12345,Apt 254,4,8/17/2022
229,Ms,Flashpoint,2/1/2020,ABCDEFGH,Suite 7,10,11/1/2011
230,Mr,Meevee,5/29/2022,XYZ12345,Apt 839,12,4/21/2017
231,Dr,Skyvu,5/7/2017,ABCDEFGH,11th Floor,10,9/7/2010
232,Mr,Gigashots,6/4/2020,123456789,Suite 1,6,9/12/2020
233,Mr,Dazzlesphere,7/14/2010,123456789,Apt 713,5,1/23/2012
234,Mr,Abatz,1/7/2015,123456789,Suite 8,3,11/29/2017
235,Mr,Eidel,6/30/2016,123456789,Room 1929,8,12/28/2020
236,Dr,Jabberbean,3/14/2021,123456789,Suite 13,5,8/29/2021
237,Mrs,Bluezoom,4/27/2011,ABCDEFGH,Suite 85,11,1/18/2020
238,Dr,Tambee,5/1/2015,123456789,Apt 69,2,4/15/2013
239,Dr,Brainverse,2/25/2014,123456789,PO Box 11369,10,7/6/2011
240,Dr,Babbleset,3/4/2022,123456789,Apt 1462,6,5/28/2021
241,Rev,Feedbug,7/31/2020,ABCDEFGH,19th Floor,9,4/6/2018
242,Mr,Topiclounge,10/7/2020,ABCDEFGH,Apt 1382,4,12/8/2014
243,Dr,Brightbean,2/6/2014,ABCDEFGH,Room 1361,1,5/8/2018
244,Ms,Cogidoo,4/6/2014,123456789,Apt 619,6,10/23/2018
245,Rev,Flipstorm,8/4/2012,XYZ12345,Room 1414,4,9/25/2018
246,Dr,Flipbug,9/27/2020,XYZ12345,Room 1139,4,10/24/2019
247,Rev,Bluezoom,11/12/2020,XYZ12345,PO Box 58355,11,2/8/2017
248,Dr,Flipbug,3/10/2015,123456789,PO Box 2076,7,5/1/2022
249,Ms,Topdrive,8/15/2015,XYZ12345,Apt 1712,1,4/18/2020
250,Ms,Kimia,8/16/2013,123456789,Room 1872,8,4/26/2015
251,Mr,Meezzy,7/26/2018,ABCDEFGH,Suite 70,9,1/28/2016
252,Ms,Roomm,10/13/2015,XYZ12345,20th Floor,8,3/22/2016
253,Mrs,Chatterbridge,8/20/2014,ABCDEFGH,Room 39,5,2/11/2022
254,Honorable,Centimia,5/24/2020,XYZ12345,Suite 2,10,3/29/2010
255,Rev,Gigaclub,6/18/2021,123456789,Room 497,7,8/15/2016
256,Honorable,Babbleblab,4/28/2015,123456789,Apt 450,6,7/18/2018
257,Ms,Riffpedia,3/6/2014,XYZ12345,PO Box 84226,9,9/21/2020
258,Rev,Quatz,1/7/2018,XYZ12345,Apt 865,12,12/8/2021
259,Dr,Quamba,1/5/2022,ABCDEFGH,Suite 18,4,6/28/2018
260,Dr,Gigazoom,10/8/2022,XYZ12345,Room 743,3,10/5/2014
261,Mrs,Zazio,6/24/2020,123456789,14th Floor,12,11/6/2017
262,Rev,Ntags,2/26/2019,123456789,11th Floor,5,7/29/2011
263,Dr,Yadel,1/30/2020,ABCDEFGH,3rd Floor,6,10/26/2020
264,Rev,Rhybox,4/24/2012,123456789,Suite 68,11,8/20/2021
265,Rev,Yodel,12/20/2021,123456789,Room 1487,4,9/6/2020
266,Honorable,Bluejam,5/27/2014,XYZ12345,Room 635,9,9/11/2011
267,Honorable,Brainverse,1/6/2021,ABCDEFGH,Room 825,3,7/17/2013
268,Honorable,Realcube,7/17/2022,ABCDEFGH,Suite 57,11,12/28/2011
269,Mr,Topiclounge,2/3/2019,ABCDEFGH,Suite 3,5,12/30/2016
270,Ms,Oyonder,11/10/2018,XYZ12345,10th Floor,1,8/8/2019
271,Rev,Rhyzio,8/15/2022,ABCDEFGH,Room 986,4,4/2/2015
272,Dr,Yata,3/11/2020,123456789,Apt 708,1,2/1/2014
273,Mrs,Minyx,7/20/2020,ABCDEFGH,Apt 1649,7,7/18/2020
274,Dr,Kare,12/28/2021,ABCDEFGH,14th Floor,11,4/2/2014
275,Honorable,Rhybox,8/25/2018,123456789,Apt 1055,9,6/18/2017
276,Honorable,Quatz,7/13/2016,XYZ12345,Suite 64,11,11/26/2017
277,Honorable,Dabvine,8/24/2021,XYZ12345,Apt 275,2,11/26/2019
278,Rev,Vipe,2/19/2014,123456789,Suite 79,5,1/23/2020
279,Rev,Zoozzy,12/26/2016,XYZ12345,Room 787,4,8/1/2018
280,Mrs,Yodo,6/17/2014,ABCDEFGH,PO Box 49025,3,9/5/2016
281,Mrs,Fivespan,7/11/2017,XYZ12345,Apt 813,10,3/30/2018
282,Ms,Yodo,8/23/2013,123456789,Apt 732,2,8/20/2013
283,Mr,Wikibox,5/22/2012,ABCDEFGH,PO Box 93908,12,10/31/2017
284,Honorable,Skimia,1/20/2014,ABCDEFGH,Room 861,1,8/18/2010
285,Mr,Browsezoom,8/16/2020,123456789,19th Floor,1,11/13/2011
286,Mr,Jabbersphere,6/12/2021,ABCDEFGH,Room 1473,6,12/27/2021
287,Mr,Tekfly,6/9/2021,123456789,Room 665,10,11/9/2022
288,Rev,Blognation,6/7/2015,XYZ12345,Suite 6,8,2/15/2017
289,Honorable,Devshare,8/23/2013,ABCDEFGH,6th Floor,9,5/7/2016
290,Honorable,Divanoodle,9/25/2011,ABCDEFGH,Apt 1071,1,3/30/2019
291,Honorable,Rhyloo,1/8/2016,XYZ12345,Apt 1676,1,11/12/2012
292,Honorable,Aivee,4/30/2020,ABCDEFGH,PO Box 17253,11,1/6/2012
293,Mr,Ainyx,5/26/2014,ABCDEFGH,PO Box 26645,11,7/10/2016
294,Dr,Youfeed,7/4/2010,XYZ12345,6th Floor,2,1/29/2022
295,Mrs,Jaxspan,12/9/2021,123456789,PO Box 59046,5,7/26/2014
296,Rev,Realcube,12/10/2019,123456789,PO Box 13609,5,7/29/2011
297,Honorable,Linklinks,9/27/2020,ABCDEFGH,Suite 66,3,5/12/2010
298,Dr,Riffwire,9/14/2018,ABCDEFGH,PO Box 35092,1,12/15/2015
299,Ms,Agimba,3/12/2013,123456789,Suite 51,10,7/18/2013
300,Dr,Plajo,12/25/2013,ABCDEFGH,Suite 92,8,9/27/2020
301,Mr,Skinte,6/5/2020,ABCDEFGH,PO Box 35810,8,1/11/2022
302,Mrs,Ooba,10/15/2016,ABCDEFGH,Apt 316,5,8/15/2014
303,Honorable,Kazio,10/13/2012,123456789,Apt 1618,2,11/17/2014
304,Mr,Blogpad,3/2/2019,ABCDEFGH,Room 1320,12,10/9/2012
305,Honorable,Katz,12/15/2012,ABCDEFGH,Suite 56,2,11/11/2019
306,Mr,Trunyx,7/1/2010,123456789,PO Box 49130,3,2/15/2019
307,Honorable,Brightbean,8/29/2017,XYZ12345,Suite 95,8,8/6/2010
308,Rev,Zava,7/12/2018,ABCDEFGH,Room 982,11,11/20/2018
309,Dr,Twitterlist,8/18/2022,123456789,Apt 895,10,10/4/2020
310,Dr,Podcat,11/20/2022,XYZ12345,5th Floor,8,2/21/2012
311,Dr,Feedspan,10/30/2012,123456789,Apt 685,3,6/7/2017
312,Honorable,Wordpedia,11/11/2011,123456789,Room 1435,9,12/24/2017
313,Dr,Skiba,4/13/2018,ABCDEFGH,Suite 73,10,4/21/2019
314,Mrs,Roodel,2/8/2022,ABCDEFGH,PO Box 41534,5,6/18/2017
315,Mrs,Gabtype,11/13/2010,XYZ12345,PO Box 33000,10,3/10/2013
316,Honorable,Divanoodle,3/23/2014,ABCDEFGH,Suite 5,8,4/7/2019
317,Dr,Yodoo,4/28/2020,XYZ12345,PO Box 45751,5,2/14/2010
318,Dr,Lazz,10/17/2015,XYZ12345,Apt 1990,10,10/13/2012
319,Mr,Kazio,10/4/2015,XYZ12345,Suite 12,10,7/30/2017
320,Dr,Skalith,4/28/2021,XYZ12345,Apt 1868,2,2/6/2016
321,Honorable,Thoughtbridge,6/1/2022,XYZ12345,PO Box 12033,8,3/31/2019
322,Rev,Flashset,7/9/2015,123456789,Suite 97,11,11/14/2015
323,Ms,Yotz,10/19/2022,ABCDEFGH,20th Floor,9,10/10/2022
324,Mr,Skilith,5/29/2017,XYZ12345,Room 767,6,1/2/2021
325,Rev,Jaxbean,5/16/2014,XYZ12345,Apt 1888,6,11/6/2019
326,Mrs,Devcast,9/8/2021,ABCDEFGH,4th Floor,5,8/30/2016
327,Rev,Cogilith,8/17/2013,XYZ12345,Room 1419,1,10/22/2014
328,Honorable,Youfeed,1/5/2016,XYZ12345,PO Box 27846,6,1/23/2022
329,Mrs,Thoughtmix,2/1/2022,ABCDEFGH,13th Floor,12,11/23/2017
330,Mr,Topicstorm,3/15/2017,ABCDEFGH,Apt 711,8,2/2/2022
331,Ms,Jatri,1/1/2018,ABCDEFGH,1st Floor,8,10/15/2010
332,Dr,Yakitri,3/4/2018,123456789,Apt 32,10,3/9/2012
333,Rev,Aivee,1/31/2020,123456789,Suite 41,11,7/26/2010
334,Mr,Meevee,6/2/2014,123456789,PO Box 14757,1,7/19/2018
335,Rev,Gabcube,11/15/2017,123456789,Room 1237,2,4/11/2010
336,Mr,Yambee,11/2/2017,ABCDEFGH,1st Floor,6,4/8/2014
337,Mrs,Tagchat,12/15/2015,ABCDEFGH,PO Box 42648,10,5/29/2011
338,Rev,Quatz,11/5/2013,123456789,Room 1356,9,3/6/2015
339,Mrs,Ooba,4/20/2011,123456789,5th Floor,9,5/26/2017
340,Mrs,Viva,8/30/2014,ABCDEFGH,Apt 21,9,7/27/2018
341,Mrs,Eimbee,3/30/2014,ABCDEFGH,PO Box 27795,4,4/20/2017
342,Ms,Meembee,5/4/2021,ABCDEFGH,Suite 94,3,6/1/2021
343,Dr,Twinder,11/29/2011,ABCDEFGH,14th Floor,8,5/25/2021
344,Mrs,Fivespan,8/13/2018,ABCDEFGH,16th Floor,10,5/16/2018
345,Dr,Quimba,9/19/2010,ABCDEFGH,12th Floor,9,4/11/2013
346,Rev,Yambee,5/4/2016,ABCDEFGH,Room 1361,6,4/5/2022
347,Rev,Zooxo,9/22/2013,XYZ12345,Apt 619,2,7/1/2022
348,Dr,Zooxo,1/24/2021,123456789,Suite 56,8,12/29/2013
349,Ms,Devbug,2/26/2018,XYZ12345,Room 1793,10,2/15/2022
350,Mrs,Trunyx,1/28/2020,ABCDEFGH,Suite 60,2,10/20/2013
351,Ms,Thoughtworks,1/27/2019,XYZ12345,17th Floor,10,6/27/2022
352,Dr,Camimbo,7/11/2011,ABCDEFGH,Apt 1392,10,9/8/2019
353,Rev,Zooveo,10/4/2020,XYZ12345,Suite 32,9,9/2/2022
354,Honorable,Flipopia,6/11/2022,ABCDEFGH,5th Floor,1,3/1/2012
355,Rev,Linkbridge,9/25/2010,ABCDEFGH,PO Box 14050,2,11/2/2011
356,Honorable,Oba,9/22/2021,123456789,1st Floor,1,4/16/2010
357,Mr,Skivee,3/24/2011,123456789,PO Box 52621,10,3/6/2011
358,Honorable,Oozz,1/2/2019,XYZ12345,12th Floor,11,11/3/2010
359,Dr,Mybuzz,4/10/2012,ABCDEFGH,Suite 30,6,5/4/2020
360,Honorable,Brainlounge,1/29/2021,123456789,17th Floor,5,7/27/2017
361,Dr,Katz,4/5/2011,ABCDEFGH,PO Box 49695,8,1/14/2021
362,Honorable,Voonder,7/2/2012,XYZ12345,Room 390,7,3/9/2016
363,Ms,Topiczoom,4/25/2010,123456789,Suite 49,12,2/14/2013
364,Ms,Gabcube,12/4/2017,123456789,Suite 28,7,8/24/2015
365,Rev,Roodel,7/21/2019,ABCDEFGH,Apt 1784,9,5/4/2010
366,Mr,Skyble,8/21/2010,XYZ12345,6th Floor,12,10/26/2013
367,Dr,Vipe,4/3/2012,ABCDEFGH,Apt 1774,12,5/29/2019
368,Mrs,Yodoo,3/11/2016,XYZ12345,Apt 524,9,9/4/2011
369,Ms,Devbug,3/21/2017,XYZ12345,Suite 67,11,6/1/2022
370,Mr,Centidel,10/20/2013,ABCDEFGH,19th Floor,5,11/3/2016
371,Honorable,Edgetag,3/4/2016,123456789,Apt 1944,2,12/18/2014
372,Dr,Innojam,9/22/2022,123456789,Suite 76,11,5/20/2022
373,Mrs,Twitternation,9/2/2012,ABCDEFGH,18th Floor,8,5/25/2012
374,Honorable,Trudoo,11/8/2013,XYZ12345,Apt 1508,12,3/27/2010
375,Mr,Demivee,12/5/2010,123456789,PO Box 24714,9,12/9/2016
376,Honorable,Myworks,7/13/2013,ABCDEFGH,PO Box 7554,2,1/22/2015
377,Mr,Youbridge,2/28/2015,123456789,PO Box 92361,10,6/19/2018
378,Rev,Vidoo,7/7/2020,ABCDEFGH,4th Floor,10,1/6/2017
379,Ms,Leenti,6/4/2019,ABCDEFGH,11th Floor,9,12/25/2020
380,Dr,Aivee,10/8/2014,XYZ12345,PO Box 38138,10,9/5/2012
381,Dr,Layo,1/19/2018,XYZ12345,PO Box 32565,3,12/26/2013
382,Rev,Bubbletube,10/25/2012,ABCDEFGH,3rd Floor,3,10/31/2019
383,Ms,Edgetag,8/1/2018,123456789,PO Box 43091,6,12/26/2018
384,Dr,Dabshots,10/8/2014,XYZ12345,Room 1782,12,1/26/2021
385,Rev,Thoughtstorm,3/4/2012,ABCDEFGH,2nd Floor,3,8/30/2014
386,Dr,Babbleset,11/23/2022,123456789,8th Floor,11,12/15/2022
387,Honorable,Babbleopia,11/3/2022,ABCDEFGH,Suite 15,11,4/29/2019
388,Rev,Demizz,4/15/2019,ABCDEFGH,PO Box 66713,10,6/7/2012
389,Mrs,Reallinks,8/11/2011,123456789,PO Box 6988,12,3/7/2020
390,Mr,Shuffledrive,11/21/2021,XYZ12345,4th Floor,11,6/24/2010
391,Mr,Photojam,10/25/2016,123456789,Suite 89,1,10/25/2013
392,Mr,Thoughtstorm,9/10/2010,XYZ12345,Room 761,1,7/17/2019
393,Honorable,Topicblab,10/4/2010,ABCDEFGH,Suite 98,8,1/19/2012
394,Honorable,Viva,3/12/2017,ABCDEFGH,Room 287,5,11/22/2020
395,Mr,Wordify,8/6/2011,123456789,PO Box 5369,10,11/27/2015
396,Ms,Zazio,3/30/2017,123456789,PO Box 92042,2,10/19/2012
397,Dr,Thoughtbridge,1/14/2022,XYZ12345,Apt 659,5,6/13/2021
398,Dr,Zooveo,10/16/2013,XYZ12345,Room 1433,4,2/4/2016
399,Honorable,Flashdog,4/21/2014,ABCDEFGH,Apt 483,12,2/22/2020
400,Mr,Yacero,5/5/2017,ABCDEFGH,Suite 55,5,5/7/2015
401,Rev,Brainlounge,6/8/2013,123456789,6th Floor,7,3/26/2017
402,Mrs,Topicshots,7/29/2018,123456789,Room 110,5,1/18/2018
403,Mrs,Katz,7/5/2020,ABCDEFGH,PO Box 22286,2,11/7/2013
404,Mrs,Devbug,6/28/2018,ABCDEFGH,Room 253,1,7/28/2012
405,Dr,Divape,7/9/2015,XYZ12345,Suite 33,9,8/26/2014
406,Ms,Voonix,4/2/2010,123456789,Apt 337,4,8/8/2018
407,Honorable,Livetube,2/16/2011,ABCDEFGH,Apt 155,4,10/10/2021
408,Mrs,Kwimbee,7/18/2010,XYZ12345,Room 909,11,2/28/2010
409,Rev,Zoomcast,8/21/2020,123456789,Room 642,11,12/9/2017
410,Mr,Abata,6/15/2012,ABCDEFGH,16th Floor,2,10/16/2019
411,Honorable,JumpXS,9/19/2012,ABCDEFGH,Suite 16,5,3/17/2015
412,Dr,Skimia,10/17/2011,ABCDEFGH,Room 1054,6,11/20/2012
413,Ms,Tagfeed,12/11/2019,XYZ12345,Room 427,4,1/18/2018
414,Rev,Digitube,8/14/2015,XYZ12345,Apt 907,10,11/10/2019
415,Rev,Fanoodle,10/24/2014,ABCDEFGH,Room 1628,1,12/23/2016
416,Dr,Blogpad,6/3/2010,ABCDEFGH,Room 1663,9,4/11/2020
417,Rev,Photojam,4/23/2016,XYZ12345,Apt 363,4,4/17/2015
418,Honorable,Nlounge,2/26/2010,XYZ12345,PO Box 2363,3,10/16/2018
419,Mr,Kamba,9/18/2014,XYZ12345,Suite 31,9,2/27/2016
420,Rev,Twinte,3/5/2010,XYZ12345,Room 1006,3,11/20/2015
421,Mrs,Trupe,12/11/2019,XYZ12345,Suite 72,12,8/11/2010
422,Mr,Yadel,10/17/2014,123456789,Room 646,3,7/27/2010
423,Honorable,Pixope,1/5/2019,XYZ12345,PO Box 24855,1,6/30/2022
424,Mrs,Divanoodle,6/7/2018,123456789,8th Floor,9,12/29/2014
425,Rev,Tagchat,8/15/2014,ABCDEFGH,Apt 761,2,11/9/2019
426,Ms,Chatterpoint,6/28/2015,123456789,Room 421,9,6/10/2016
427,Dr,Gabtype,7/25/2021,123456789,PO Box 11026,3,4/14/2013
428,Dr,Centizu,8/27/2021,XYZ12345,8th Floor,12,11/28/2016
429,Dr,Realmix,1/13/2015,ABCDEFGH,PO Box 12853,10,1/28/2017
430,Dr,Roodel,10/26/2014,XYZ12345,Room 788,8,7/18/2012
431,Dr,Twimbo,12/4/2011,123456789,11th Floor,7,12/12/2013
432,Mrs,DabZ,12/10/2013,123456789,Apt 1777,5,9/26/2010
433,Mrs,Fivespan,12/29/2013,XYZ12345,PO Box 13200,12,9/22/2010
434,Honorable,Voolith,10/23/2010,123456789,Suite 80,8,11/27/2018
435,Ms,Brainverse,5/29/2011,ABCDEFGH,PO Box 48459,2,9/26/2021
436,Dr,Edgepulse,5/15/2011,123456789,Room 1769,5,6/18/2011
437,Rev,Realpoint,2/3/2016,XYZ12345,Room 1520,4,12/26/2017
438,Ms,Leenti,10/18/2022,XYZ12345,Room 1824,10,8/19/2019
439,Mrs,Voomm,12/29/2013,ABCDEFGH,Suite 10,7,10/3/2012
440,Mrs,Gigabox,10/10/2021,XYZ12345,5th Floor,12,1/10/2013
441,Honorable,Edgetag,12/15/2011,ABCDEFGH,Apt 1491,7,11/4/2015
442,Ms,Devify,12/9/2015,XYZ12345,8th Floor,10,8/11/2011
443,Dr,Skyvu,1/10/2015,XYZ12345,Room 1421,5,12/13/2020
444,Mrs,Katz,5/27/2013,ABCDEFGH,16th Floor,7,6/28/2012
445,Mrs,Vimbo,4/19/2018,123456789,PO Box 82694,5,6/27/2014
446,Mr,Skyndu,7/27/2015,XYZ12345,17th Floor,8,11/3/2018
447,Rev,Tazzy,4/4/2010,123456789,Apt 644,10,5/25/2017
448,Mr,Fliptune,4/16/2018,123456789,Suite 98,3,1/12/2015
449,Ms,Geba,12/30/2019,XYZ12345,Suite 17,3,11/21/2019
450,Rev,Quatz,11/16/2018,XYZ12345,Room 1582,9,10/21/2020
451,Honorable,Feedmix,6/9/2011,XYZ12345,Apt 761,11,7/3/2022
452,Dr,Devshare,3/23/2018,123456789,PO Box 23199,5,8/22/2014
453,Dr,Yakijo,2/3/2015,123456789,Suite 89,5,1/4/2014
454,Mrs,Twimbo,6/11/2017,XYZ12345,Room 458,11,9/7/2018
455,Ms,Rhynoodle,8/20/2015,123456789,15th Floor,2,6/10/2014
456,Honorable,Latz,1/16/2015,ABCDEFGH,Apt 1222,6,3/30/2010
457,Rev,Midel,5/2/2016,XYZ12345,PO Box 82790,7,11/23/2022
458,Mrs,Zoomcast,9/24/2012,XYZ12345,Room 1781,2,12/3/2017
459,Rev,Linklinks,8/23/2019,XYZ12345,15th Floor,5,4/13/2012
460,Mr,Devcast,2/27/2022,XYZ12345,Room 1320,6,2/8/2019
461,Dr,Skidoo,4/23/2020,123456789,Suite 29,2,5/14/2014
462,Honorable,Mudo,1/6/2019,ABCDEFGH,Apt 380,12,3/19/2014
463,Rev,Meemm,11/2/2013,ABCDEFGH,14th Floor,7,8/21/2016
464,Ms,Yoveo,9/6/2013,123456789,PO Box 1005,2,9/20/2019
465,Rev,Twitterbridge,6/14/2020,ABCDEFGH,Suite 45,11,3/24/2014
466,Dr,Trunyx,7/25/2013,123456789,Room 147,6,4/29/2022
467,Mr,Tagtune,10/1/2020,XYZ12345,Suite 63,10,11/14/2021
468,Ms,Kaymbo,9/14/2022,123456789,Apt 1815,7,2/15/2017
469,Mr,Oyoyo,6/23/2017,ABCDEFGH,Suite 74,4,1/23/2013
470,Honorable,InnoZ,3/11/2016,XYZ12345,PO Box 5270,7,3/9/2011
471,Rev,Aivee,5/23/2016,ABCDEFGH,Apt 1454,11,7/4/2012
472,Honorable,Quinu,2/13/2018,ABCDEFGH,Room 540,10,4/9/2014
473,Mr,Linklinks,4/25/2011,ABCDEFGH,Suite 77,11,2/13/2014
474,Ms,Edgeclub,12/7/2013,XYZ12345,14th Floor,5,2/18/2017
475,Mr,Yodo,7/16/2020,XYZ12345,PO Box 95218,8,6/14/2014
476,Honorable,Skinix,11/18/2013,123456789,Apt 141,2,7/11/2022
477,Mrs,Plajo,6/8/2021,123456789,PO Box 47054,12,2/2/2010
478,Dr,Fatz,11/2/2014,123456789,17th Floor,11,12/18/2018
479,Dr,Cogilith,3/22/2022,ABCDEFGH,Apt 973,7,6/13/2012
480,Honorable,Voonyx,10/19/2013,XYZ12345,Apt 1011,5,8/29/2013
481,Mrs,Mydeo,9/3/2019,123456789,PO Box 51818,10,9/10/2015
482,Honorable,LiveZ,12/28/2015,123456789,9th Floor,1,1/15/2020
483,Mr,Lazzy,11/27/2015,123456789,PO Box 30326,10,9/25/2010
484,Mrs,Skippad,6/8/2021,ABCDEFGH,Apt 1426,7,6/14/2020
485,Dr,Ozu,12/18/2016,123456789,Apt 1019,5,1/8/2016
486,Honorable,Thoughtblab,12/6/2012,ABCDEFGH,PO Box 48136,9,1/4/2020
487,Honorable,Blogspan,1/17/2017,123456789,PO Box 58674,11,4/21/2013
488,Mr,Tagcat,4/4/2010,XYZ12345,15th Floor,8,11/24/2013
489,Rev,Photolist,9/6/2014,123456789,PO Box 37775,5,5/10/2018
490,Dr,Divanoodle,5/25/2019,123456789,13th Floor,6,11/17/2022
491,Dr,Muxo,11/12/2014,XYZ12345,PO Box 32097,8,4/25/2011
492,Mrs,Centidel,7/1/2020,XYZ12345,Suite 74,12,3/1/2020
493,Mrs,Trupe,7/26/2011,ABCDEFGH,Apt 1061,6,6/28/2015
494,Ms,Edgewire,3/28/2019,123456789,PO Box 90754,4,3/9/2012
495,Honorable,Ainyx,9/28/2011,123456789,Room 119,1,9/17/2010
496,Mr,Rhyloo,7/8/2015,ABCDEFGH,Room 327,1,4/26/2021
497,Mr,Flipstorm,9/17/2022,ABCDEFGH,Room 1476,6,8/18/2019
498,Dr,Yozio,10/16/2015,123456789,PO Box 60018,9,7/31/2013
499,Honorable,Flashspan,1/10/2012,123456789,Suite 72,12,2/23/2017
500,Mr,Janyx,7/2/2019,123456789,Suite 90,8,10/25/2014
501,Dr,Kwilith,9/1/2014,XYZ12345,Room 689,5,9/8/2016
502,Honorable,Abatz,8/25/2010,ABCDEFGH,PO Box 35292,8,9/7/2019
503,Mrs,Fadeo,1/30/2015,ABCDEFGH,17th Floor,4,2/20/2012
504,Mrs,Flipopia,4/13/2015,123456789,Suite 45,2,10/2/2016
505,Mrs,Fiveclub,8/12/2013,ABCDEFGH,Apt 975,1,8/29/2013
506,Dr,Rhynyx,6/18/2012,ABCDEFGH,8th Floor,4,9/21/2018
507,Mr,Rhycero,2/21/2014,ABCDEFGH,PO Box 57118,2,11/25/2012
508,Mr,Photobean,1/17/2019,ABCDEFGH,PO Box 20328,1,4/17/2018
509,Mr,Devshare,7/26/2020,XYZ12345,Apt 328,2,11/14/2014
510,Honorable,Podcat,8/5/2015,ABCDEFGH,18th Floor,6,5/12/2018
511,Honorable,Photobean,2/13/2021,XYZ12345,Suite 8,4,5/7/2016
512,Honorable,Oyondu,3/4/2021,ABCDEFGH,PO Box 43331,4,12/11/2021
513,Mr,Feedfire,7/10/2021,XYZ12345,Apt 1396,3,6/22/2022
514,Honorable,Mynte,1/19/2022,XYZ12345,4th Floor,7,11/26/2012
515,Rev,Feedmix,1/31/2014,123456789,Suite 82,1,6/12/2020
516,Honorable,Thoughtblab,3/14/2014,XYZ12345,Apt 718,12,2/14/2014
517,Mr,Camimbo,2/12/2020,123456789,Room 1841,11,3/22/2022
518,Ms,Innojam,12/20/2014,ABCDEFGH,PO Box 75747,1,8/25/2019
519,Honorable,Dabjam,7/14/2017,ABCDEFGH,14th Floor,10,12/9/2022
520,Dr,Gigaclub,2/28/2015,XYZ12345,PO Box 82366,8,1/24/2022
521,Dr,Vinder,11/26/2019,XYZ12345,Suite 57,7,3/29/2010
522,Mrs,Jabberbean,3/6/2010,ABCDEFGH,11th Floor,5,2/28/2013
523,Mrs,Skinte,12/29/2016,123456789,PO Box 92812,4,8/17/2017
524,Rev,Meembee,11/27/2016,ABCDEFGH,PO Box 48119,6,4/4/2014
525,Dr,Oodoo,3/11/2019,123456789,Room 1609,12,7/11/2021
526,Mr,Bubblebox,4/12/2011,XYZ12345,PO Box 7933,5,5/26/2011
527,Rev,Yacero,10/29/2012,ABCDEFGH,Suite 72,2,11/30/2015
528,Rev,Divanoodle,9/26/2016,XYZ12345,Room 1664,3,11/28/2013
529,Mrs,Tekfly,4/3/2012,ABCDEFGH,Suite 56,4,5/6/2016
530,Mr,Quinu,1/18/2020,XYZ12345,12th Floor,11,9/16/2022
531,Honorable,Kwimbee,9/11/2019,123456789,Room 1288,9,1/8/2013
532,Dr,Quatz,1/27/2010,123456789,PO Box 20877,10,12/31/2017
533,Rev,Trudeo,7/21/2017,ABCDEFGH,Suite 63,9,6/27/2015
534,Honorable,Kwilith,8/13/2012,ABCDEFGH,Room 956,2,8/12/2021
535,Mrs,Thoughtworks,7/21/2019,ABCDEFGH,PO Box 30672,1,10/21/2020
536,Mr,Gigashots,2/27/2021,ABCDEFGH,Room 562,10,5/14/2012
537,Ms,Devcast,3/29/2017,123456789,Suite 39,12,12/14/2021
538,Rev,Livepath,7/7/2013,ABCDEFGH,Room 1712,7,4/26/2022
539,Mr,Dabtype,3/2/2021,ABCDEFGH,Apt 1764,1,4/9/2016
540,Honorable,Browsedrive,5/23/2013,ABCDEFGH,Suite 13,9,8/28/2011
541,Honorable,Mynte,5/15/2019,XYZ12345,Suite 33,12,4/17/2021
542,Rev,Thoughtblab,12/28/2022,123456789,Room 553,11,9/3/2022
543,Honorable,Reallinks,3/7/2013,ABCDEFGH,Suite 31,6,5/17/2014
544,Honorable,Nlounge,4/21/2017,123456789,Apt 900,1,3/2/2018
545,Dr,Browseblab,12/10/2022,ABCDEFGH,Apt 930,7,8/13/2018
546,Dr,Skyble,6/17/2011,XYZ12345,PO Box 59263,9,11/8/2018
547,Dr,Pixope,9/14/2011,123456789,Suite 3,8,12/10/2020
548,Mrs,Fivebridge,2/15/2011,ABCDEFGH,Suite 39,3,2/15/2010
549,Mrs,Brainbox,10/21/2019,ABCDEFGH,Room 1634,6,10/26/2019
550,Mrs,Feedfish,12/26/2018,123456789,PO Box 69847,3,7/19/2022
551,Mrs,Quinu,1/17/2017,ABCDEFGH,3rd Floor,9,8/15/2012
552,Honorable,Cogibox,8/29/2019,ABCDEFGH,Suite 15,5,9/6/2010
553,Rev,Twitterbeat,7/1/2017,ABCDEFGH,PO Box 35330,11,3/28/2015
554,Honorable,Meemm,6/28/2010,XYZ12345,20th Floor,11,1/2/2018
555,Mrs,Wikivu,7/15/2010,ABCDEFGH,Apt 560,8,3/19/2014
556,Rev,Thoughtmix,11/24/2016,XYZ12345,Room 1347,3,1/10/2019
557,Mrs,Youopia,3/21/2012,123456789,Apt 1579,6,2/16/2013
558,Ms,Eayo,12/17/2012,123456789,PO Box 11133,3,8/21/2017
559,Ms,Janyx,1/3/2015,XYZ12345,Apt 376,10,4/20/2012
560,Ms,Quatz,7/25/2010,XYZ12345,Suite 9,4,5/10/2016
561,Mrs,Realmix,10/29/2015,123456789,10th Floor,6,7/27/2017
562,Dr,Flipopia,4/3/2019,ABCDEFGH,Apt 721,8,11/18/2017
563,Dr,Realpoint,12/5/2015,XYZ12345,Suite 27,11,4/4/2019
564,Dr,Podcat,5/20/2022,123456789,Suite 17,2,7/19/2016
565,Dr,Zooveo,5/18/2014,XYZ12345,Suite 61,11,9/13/2014
566,Mr,Jaxspan,6/17/2020,123456789,PO Box 36344,5,4/26/2014
567,Ms,Topiczoom,1/15/2015,XYZ12345,Room 1972,3,2/7/2011
568,Mrs,Twitterbeat,1/24/2016,XYZ12345,PO Box 89338,2,3/8/2022
569,Honorable,Skaboo,3/29/2021,XYZ12345,Suite 83,8,5/14/2021
570,Rev,Shufflebeat,11/25/2016,123456789,15th Floor,7,9/29/2013
571,Mrs,Chatterbridge,6/2/2018,123456789,Room 1460,4,4/14/2014
572,Mr,Jabbersphere,9/27/2017,123456789,1st Floor,8,6/7/2010
573,Mrs,Brainbox,7/4/2010,XYZ12345,Apt 735,11,12/12/2016
574,Mr,Fivechat,5/29/2014,123456789,Suite 15,6,5/7/2017
575,Ms,Jabbertype,2/19/2022,XYZ12345,Apt 1701,8,11/16/2019
576,Mrs,Rhybox,8/5/2016,XYZ12345,Apt 246,9,12/7/2018
577,Ms,Camimbo,2/10/2012,XYZ12345,Apt 1403,11,11/10/2011
578,Mr,Twitternation,2/16/2018,123456789,Room 204,3,11/19/2014
579,Ms,Photobug,11/14/2020,ABCDEFGH,Room 164,7,1/3/2011
580,Mrs,Brightdog,11/9/2015,XYZ12345,Suite 62,3,9/20/2021
581,Honorable,Centimia,12/28/2015,XYZ12345,15th Floor,5,11/9/2014
582,Mrs,Livetube,12/18/2015,XYZ12345,Apt 603,11,8/17/2014
583,Ms,Kimia,1/29/2020,123456789,19th Floor,4,6/26/2011
584,Ms,Teklist,12/9/2012,123456789,12th Floor,12,10/15/2020
585,Mr,Rooxo,1/10/2019,XYZ12345,PO Box 89960,8,12/1/2011
586,Rev,Yacero,9/23/2018,123456789,Apt 442,5,7/4/2012
587,Rev,Photobean,10/20/2010,XYZ12345,Suite 96,2,12/14/2012
588,Dr,Skibox,10/2/2010,123456789,Apt 1545,12,11/19/2016
589,Mr,Quatz,7/5/2021,123456789,PO Box 64983,2,3/8/2017
590,Ms,Thoughtbeat,8/22/2022,ABCDEFGH,PO Box 39352,4,3/20/2011
591,Mrs,Browsecat,2/15/2018,XYZ12345,PO Box 66503,7,6/8/2020
592,Dr,Rhyloo,2/7/2017,123456789,PO Box 11035,3,5/16/2010
593,Mr,Eire,3/18/2017,123456789,17th Floor,9,5/10/2010
594,Mrs,Roombo,5/9/2010,123456789,19th Floor,3,7/13/2021
595,Dr,Devpoint,12/29/2017,XYZ12345,Apt 1271,10,6/14/2017
596,Honorable,Fadeo,1/26/2010,ABCDEFGH,Room 53,4,6/8/2013
597,Mr,Jabberstorm,6/3/2017,123456789,PO Box 21152,1,12/31/2018
598,Ms,Babbleblab,9/17/2019,XYZ12345,Apt 1113,8,10/10/2013
599,Mrs,Twinte,4/29/2013,ABCDEFGH,Room 1838,1,1/9/2010
600,Honorable,Riffwire,11/21/2017,ABCDEFGH,Suite 47,2,11/18/2020
601,Dr,Buzzshare,11/13/2015,ABCDEFGH,17th Floor,5,3/2/2015
602,Mr,Talane,5/18/2022,XYZ12345,Suite 59,7,6/26/2010
603,Mrs,Devpulse,8/11/2018,123456789,15th Floor,8,3/30/2010
604,Mr,Twitternation,3/24/2022,XYZ12345,16th Floor,3,2/21/2016
605,Ms,Skivee,11/8/2011,123456789,Apt 330,7,4/1/2015
606,Dr,Yombu,4/6/2012,123456789,Suite 87,1,12/7/2016
607,Ms,Skippad,1/31/2018,123456789,Apt 1314,9,5/23/2010
608,Ms,Yoveo,1/3/2013,123456789,PO Box 87272,2,11/2/2019
609,Ms,Aimbu,12/11/2020,ABCDEFGH,Apt 1598,9,7/1/2010
610,Ms,Oyoloo,5/17/2013,ABCDEFGH,Apt 292,12,5/28/2014
611,Rev,Eayo,7/21/2016,ABCDEFGH,Suite 46,8,11/18/2019
612,Mr,Topiclounge,11/17/2013,123456789,Room 972,12,9/24/2013
613,Mrs,Cogibox,5/25/2012,XYZ12345,PO Box 56245,2,10/7/2012
614,Mr,Kanoodle,2/5/2018,XYZ12345,Suite 6,7,3/31/2018
615,Rev,Avamm,2/24/2017,ABCDEFGH,PO Box 66131,12,11/24/2017
616,Rev,Zooxo,5/27/2013,123456789,Suite 25,1,1/10/2010
617,Dr,Livetube,3/14/2013,123456789,7th Floor,7,7/28/2016
618,Mr,Skaboo,4/28/2011,XYZ12345,Room 60,5,12/23/2014
619,Dr,Gabvine,8/27/2011,ABCDEFGH,Room 1803,1,11/15/2012
620,Mr,Wordware,11/24/2017,XYZ12345,PO Box 48322,3,12/11/2019
621,Mr,Eabox,1/15/2020,123456789,Apt 1648,12,5/16/2015
622,Dr,Skipfire,11/10/2021,ABCDEFGH,Apt 1812,6,8/5/2010
623,Mr,Plambee,6/26/2011,ABCDEFGH,Suite 50,11,3/8/2022
624,Dr,Linkbridge,7/25/2012,123456789,11th Floor,7,12/23/2010
625,Rev,Cogidoo,1/4/2017,123456789,Apt 499,9,9/4/2020
626,Rev,Meejo,2/7/2022,XYZ12345,Suite 60,4,11/23/2014
627,Mr,Tanoodle,4/19/2018,123456789,Apt 1619,6,4/30/2012
628,Ms,Tanoodle,8/13/2016,123456789,PO Box 16101,10,6/10/2015
629,Honorable,Kwilith,10/16/2016,123456789,7th Floor,10,10/12/2014
630,Dr,Zooveo,8/4/2020,XYZ12345,Apt 1040,9,10/10/2015
631,Mrs,Rhyzio,3/24/2021,ABCDEFGH,Suite 21,10,5/8/2010
632,Ms,Fivechat,12/13/2013,XYZ12345,Room 1546,4,4/9/2010
633,Dr,Zoombeat,11/9/2012,XYZ12345,Room 961,3,7/10/2020
634,Mrs,Twitterwire,6/7/2018,123456789,7th Floor,1,2/15/2018
635,Dr,Jetwire,11/4/2016,ABCDEFGH,PO Box 39004,6,3/6/2010
636,Mr,Gabtune,5/10/2017,ABCDEFGH,PO Box 12651,9,11/5/2017
637,Rev,Gevee,3/29/2014,ABCDEFGH,Room 2000,9,3/14/2010
638,Ms,Twitterwire,1/17/2017,ABCDEFGH,Apt 809,10,7/16/2013
639,Mr,Podcat,6/27/2014,ABCDEFGH,Suite 98,6,9/29/2015
640,Ms,Kaymbo,8/27/2019,123456789,Suite 26,5,12/27/2020
641,Mr,Kwilith,9/26/2010,123456789,PO Box 90625,8,3/15/2012
642,Honorable,Skipstorm,5/6/2015,XYZ12345,Suite 55,10,2/8/2020
643,Mrs,Browsedrive,12/20/2017,123456789,Suite 29,3,3/14/2014
644,Rev,Feedfire,3/22/2015,ABCDEFGH,2nd Floor,7,9/14/2017
645,Honorable,Skyba,8/14/2012,123456789,Suite 37,2,9/20/2014
646,Ms,Skippad,10/31/2014,XYZ12345,9th Floor,8,10/22/2022
647,Ms,Devbug,3/20/2015,XYZ12345,Suite 7,3,4/19/2015
648,Honorable,Browseblab,9/4/2017,ABCDEFGH,Suite 24,4,1/19/2014
649,Rev,JumpXS,3/25/2019,123456789,3rd Floor,12,8/14/2012
650,Rev,Mycat,3/28/2016,XYZ12345,Room 1032,9,2/26/2018
651,Rev,Quatz,5/22/2021,123456789,Suite 21,8,7/20/2011
652,Mr,Yacero,3/28/2011,ABCDEFGH,PO Box 18613,10,1/1/2020
653,Honorable,Camimbo,6/22/2014,ABCDEFGH,9th Floor,2,2/25/2012
654,Mr,Thoughtworks,6/3/2014,XYZ12345,Room 498,7,7/2/2018
655,Ms,Reallinks,7/6/2014,ABCDEFGH,Suite 25,10,12/22/2019
656,Mr,Skibox,4/18/2010,ABCDEFGH,PO Box 68649,3,6/21/2016
657,Dr,Kazio,5/6/2016,123456789,10th Floor,10,3/6/2014
658,Ms,Shuffledrive,3/24/2020,ABCDEFGH,Suite 50,9,9/30/2017
659,Honorable,Photospace,3/9/2016,123456789,Apt 149,6,9/29/2016
660,Mr,Youfeed,1/23/2021,123456789,10th Floor,12,8/27/2012
661,Ms,Demivee,2/4/2018,XYZ12345,15th Floor,8,3/9/2011
662,Mrs,Yotz,11/16/2016,XYZ12345,Suite 48,8,3/16/2017
663,Ms,Skimia,12/16/2010,XYZ12345,Apt 667,8,4/5/2012
664,Rev,Eare,4/28/2018,XYZ12345,PO Box 52672,1,8/23/2020
665,Honorable,Browsebug,3/11/2021,ABCDEFGH,14th Floor,7,3/8/2015
666,Mr,Twitterbridge,3/18/2011,XYZ12345,Room 36,1,1/7/2016
667,Ms,Rhynyx,12/19/2014,123456789,Suite 47,11,12/9/2017
668,Rev,Flashdog,3/22/2010,ABCDEFGH,Suite 8,11,12/1/2021
669,Ms,Centimia,4/20/2010,123456789,PO Box 75732,8,4/24/2012
670,Mr,Meeveo,1/26/2011,XYZ12345,Suite 46,2,12/31/2014
671,Mrs,Vipe,12/15/2010,ABCDEFGH,20th Floor,8,7/29/2015
672,Dr,Gabtune,1/9/2022,XYZ12345,PO Box 52332,2,7/17/2022
673,Rev,Skinder,2/20/2018,XYZ12345,Suite 12,3,2/23/2015
674,Dr,Kanoodle,8/7/2013,123456789,Apt 1692,10,3/1/2022
675,Dr,Edgewire,3/30/2014,123456789,Suite 49,12,4/15/2022
676,Mrs,Agivu,6/14/2017,XYZ12345,5th Floor,7,10/1/2010
677,Mrs,Yakidoo,2/21/2013,XYZ12345,PO Box 58873,8,2/22/2019
678,Mr,Realblab,6/16/2014,ABCDEFGH,20th Floor,3,1/30/2016
679,Mr,Npath,12/11/2020,ABCDEFGH,Apt 465,12,1/3/2010
680,Rev,Divape,6/12/2016,XYZ12345,8th Floor,11,1/19/2010
681,Mr,Tanoodle,1/11/2012,123456789,Suite 89,11,2/24/2018
682,Rev,Thoughtblab,2/13/2013,123456789,19th Floor,12,8/9/2018
683,Ms,Tekfly,9/15/2021,XYZ12345,PO Box 37560,8,10/14/2010
684,Dr,Yabox,3/12/2021,123456789,Room 1167,11,5/30/2016
685,Honorable,Tazzy,9/13/2012,123456789,Room 1834,2,2/24/2011
686,Mrs,Youspan,5/8/2015,ABCDEFGH,16th Floor,6,3/8/2021
687,Mrs,Izio,1/20/2012,ABCDEFGH,Apt 961,9,12/14/2019
688,Ms,Yabox,4/6/2014,XYZ12345,Room 1250,10,5/6/2022
689,Rev,Riffwire,12/14/2018,ABCDEFGH,Apt 1869,11,9/9/2015
690,Ms,Jabbersphere,6/25/2021,123456789,Apt 1797,5,12/21/2011
691,Rev,Mybuzz,11/25/2022,123456789,Apt 1132,5,11/1/2017
692,Ms,Rooxo,1/27/2021,ABCDEFGH,Room 1787,10,4/12/2010
693,Mrs,Tagopia,7/25/2021,ABCDEFGH,12th Floor,2,11/4/2010
694,Mrs,Thoughtstorm,8/20/2011,XYZ12345,PO Box 65148,4,5/29/2012
695,Mr,DabZ,12/24/2020,XYZ12345,Apt 830,6,10/31/2016
696,Dr,Wikivu,1/15/2022,ABCDEFGH,1st Floor,6,4/30/2020
697,Dr,Midel,12/29/2018,ABCDEFGH,Apt 748,3,10/28/2012
698,Rev,Vinte,8/8/2015,ABCDEFGH,Suite 15,5,3/2/2022
699,Mr,Livepath,12/25/2022,XYZ12345,Room 885,8,6/21/2013
700,Dr,Tagcat,12/21/2021,XYZ12345,Room 359,2,11/24/2016
701,Dr,Fadeo,9/16/2010,123456789,Apt 1754,8,5/2/2018
702,Rev,Twiyo,10/22/2020,ABCDEFGH,18th Floor,3,11/18/2010
703,Mrs,Feednation,5/6/2021,XYZ12345,PO Box 11143,3,7/31/2022
704,Rev,Mita,12/10/2019,ABCDEFGH,Room 1517,8,2/27/2021
705,Rev,Eadel,7/29/2022,ABCDEFGH,Apt 1716,7,7/22/2021
706,Dr,InnoZ,6/30/2013,123456789,Suite 70,5,11/8/2014
707,Honorable,Wordware,6/1/2016,123456789,Suite 85,11,10/21/2015
708,Mr,Blognation,3/17/2016,ABCDEFGH,17th Floor,7,9/21/2021
709,Rev,Divape,12/21/2010,XYZ12345,Suite 56,8,2/17/2018
710,Dr,Topicshots,9/9/2020,ABCDEFGH,Apt 1201,1,8/7/2022
711,Dr,Photospace,1/24/2015,ABCDEFGH,Suite 76,5,7/18/2021
712,Dr,Lazz,7/13/2019,123456789,6th Floor,1,2/3/2017
713,Honorable,Tazz,7/9/2014,ABCDEFGH,Suite 1,2,10/16/2010
714,Dr,Einti,12/19/2015,XYZ12345,Apt 1,6,3/15/2017
715,Mr,Dabfeed,7/15/2014,ABCDEFGH,2nd Floor,2,4/5/2016
716,Honorable,Twitterworks,7/6/2012,123456789,9th Floor,7,2/22/2019
717,Ms,Wikizz,10/22/2016,ABCDEFGH,Suite 6,12,1/9/2015
718,Mrs,Lazzy,12/25/2022,123456789,Apt 1513,12,10/21/2018
719,Mr,Devshare,7/22/2022,123456789,Suite 61,2,4/9/2018
720,Ms,Devbug,1/14/2019,XYZ12345,Apt 1455,11,10/31/2012
721,Honorable,Midel,4/5/2015,123456789,Suite 57,6,8/15/2018
722,Dr,Trunyx,8/6/2019,ABCDEFGH,Apt 1024,9,10/16/2016
723,Mrs,Zoombox,11/2/2017,123456789,Room 1845,7,11/5/2018
724,Dr,Jaxspan,1/31/2016,ABCDEFGH,3rd Floor,5,4/8/2020
725,Mrs,Fivechat,2/12/2016,ABCDEFGH,Suite 67,11,6/7/2011
726,Rev,Brainbox,1/12/2010,123456789,Suite 32,5,9/29/2016
727,Dr,Livetube,9/4/2021,XYZ12345,Room 466,5,5/9/2016
728,Ms,BlogXS,7/12/2021,ABCDEFGH,Apt 576,1,3/8/2018
729,Rev,Demivee,7/22/2013,123456789,Apt 422,8,6/7/2017
730,Dr,Zoozzy,7/20/2015,XYZ12345,PO Box 95318,12,4/21/2020
731,Mr,Twinte,10/19/2011,ABCDEFGH,Apt 248,2,2/12/2017
732,Honorable,Jaxnation,3/29/2011,XYZ12345,Room 10,9,8/15/2010
733,Mrs,Skinder,5/1/2014,123456789,Room 1199,6,8/22/2012
734,Ms,Oyoloo,8/17/2010,ABCDEFGH,PO Box 34471,5,1/31/2015
735,Dr,Blognation,8/25/2022,XYZ12345,Apt 257,1,11/11/2021
736,Rev,Kazio,7/25/2017,ABCDEFGH,Room 1353,1,9/5/2011
737,Dr,Kare,1/9/2011,ABCDEFGH,Room 236,3,3/4/2015
738,Dr,Twitterlist,3/17/2010,123456789,PO Box 51617,11,11/5/2015
739,Dr,Devpoint,5/14/2020,ABCDEFGH,20th Floor,5,4/29/2012
740,Mr,Fanoodle,4/29/2014,ABCDEFGH,PO Box 99902,6,3/16/2021
741,Dr,Blogtag,8/24/2016,123456789,1st Floor,1,1/5/2012
742,Dr,Midel,4/3/2021,XYZ12345,8th Floor,4,12/9/2019
743,Honorable,Skiptube,12/18/2017,123456789,Apt 908,11,11/10/2019
744,Mr,Tazzy,6/7/2019,XYZ12345,PO Box 69827,9,11/27/2019
745,Honorable,Twitterwire,8/6/2020,123456789,Apt 1113,3,8/4/2020
746,Dr,Gigashots,10/15/2015,ABCDEFGH,Room 128,1,8/8/2015
747,Mr,Tagfeed,7/27/2020,ABCDEFGH,Room 721,2,4/7/2018
748,Rev,Jabbersphere,12/26/2011,ABCDEFGH,Room 91,10,3/6/2014
749,Ms,Twitternation,2/2/2020,ABCDEFGH,Apt 194,3,7/22/2011
750,Dr,Zoomlounge,5/17/2020,ABCDEFGH,20th Floor,2,6/7/2017
751,Dr,Eadel,7/5/2019,ABCDEFGH,Room 1403,8,3/23/2016
752,Honorable,Babbleopia,6/7/2020,123456789,PO Box 11494,8,11/6/2020
753,Mrs,Meevee,5/13/2022,123456789,PO Box 52745,10,12/14/2014
754,Mrs,Quaxo,10/4/2011,123456789,PO Box 17607,12,5/6/2020
755,Mrs,Oyondu,7/19/2017,123456789,14th Floor,5,12/28/2020
756,Mr,Flashdog,7/29/2015,123456789,PO Box 68751,12,12/7/2016
757,Ms,Abata,10/8/2015,XYZ12345,PO Box 67279,3,4/24/2015
758,Mrs,Feedmix,7/31/2017,123456789,Room 1600,3,1/18/2022
759,Dr,Wikibox,9/8/2019,XYZ12345,PO Box 44837,3,12/23/2022
760,Dr,Layo,4/19/2020,XYZ12345,Room 666,8,11/3/2012
761,Dr,Tagopia,3/29/2021,ABCDEFGH,Apt 140,7,4/30/2013
762,Honorable,Shuffledrive,3/16/2012,ABCDEFGH,Apt 638,5,8/24/2015
763,Dr,Zoonder,1/21/2011,XYZ12345,Apt 661,1,5/2/2014
764,Honorable,BlogXS,3/10/2022,ABCDEFGH,Apt 183,11,6/3/2014
765,Dr,Izio,5/13/2015,ABCDEFGH,Room 510,3,11/17/2013
766,Mrs,Eabox,3/13/2011,XYZ12345,PO Box 38168,8,6/18/2017
767,Mr,Twinder,8/21/2020,XYZ12345,14th Floor,12,9/7/2016
768,Dr,Rooxo,1/23/2014,ABCDEFGH,Apt 1782,1,7/29/2014
769,Mrs,Abata,5/3/2014,XYZ12345,Suite 69,2,12/29/2021
770,Mr,Oozz,3/11/2019,ABCDEFGH,13th Floor,5,8/12/2020
771,Rev,Vimbo,11/6/2012,123456789,Suite 31,2,11/24/2016
772,Honorable,Livetube,9/3/2013,123456789,Room 572,10,4/16/2012
773,Mr,Yodoo,12/4/2013,123456789,7th Floor,10,8/9/2014
774,Mrs,Abata,5/26/2012,XYZ12345,3rd Floor,10,8/16/2020
775,Mrs,Vinder,6/18/2017,123456789,Suite 44,9,7/2/2013
776,Honorable,Teklist,5/24/2011,123456789,Room 580,2,6/26/2018
777,Mr,Myworks,10/18/2010,XYZ12345,Suite 2,10,12/10/2019
778,Dr,JumpXS,5/12/2018,XYZ12345,Apt 1063,5,2/21/2014
779,Mr,Centimia,4/15/2016,123456789,Suite 18,10,4/7/2014
780,Mr,Kazu,4/30/2018,ABCDEFGH,Room 878,9,7/26/2013
781,Mrs,Twitterwire,6/29/2011,123456789,PO Box 12509,10,1/6/2019
782,Mrs,Thoughtstorm,9/2/2020,123456789,Room 113,4,8/31/2018
783,Mr,Rhyloo,7/27/2010,ABCDEFGH,Apt 659,2,12/12/2016
784,Mr,Thoughtblab,4/28/2018,ABCDEFGH,PO Box 78739,10,8/23/2014
785,Mrs,Shuffletag,9/23/2010,XYZ12345,PO Box 71193,5,1/12/2022
786,Dr,Skyble,11/20/2013,ABCDEFGH,PO Box 64982,7,5/30/2018
787,Mrs,Voomm,6/8/2019,123456789,15th Floor,11,6/18/2017
788,Honorable,Brainsphere,1/4/2016,XYZ12345,Room 1115,6,2/18/2010
789,Rev,Skyndu,7/8/2015,XYZ12345,Apt 1059,1,10/16/2020
790,Mrs,Ailane,10/23/2010,ABCDEFGH,PO Box 72415,9,2/26/2015
791,Mrs,Gabcube,2/7/2017,ABCDEFGH,PO Box 16559,4,11/12/2018
792,Mrs,Zoombeat,6/30/2012,123456789,Room 1433,5,7/29/2022
793,Mrs,Tagtune,4/3/2021,XYZ12345,Suite 67,10,11/1/2011
794,Rev,Tagpad,8/21/2015,123456789,Suite 69,10,6/27/2014
795,Rev,Teklist,9/26/2022,123456789,Suite 67,2,9/18/2022
796,Rev,Skiptube,1/20/2014,123456789,Room 1767,5,9/15/2021
797,Dr,Photospace,4/20/2019,123456789,12th Floor,4,6/5/2010
798,Rev,Npath,1/3/2016,123456789,5th Floor,10,5/4/2022
799,Honorable,Jabbersphere,4/15/2017,ABCDEFGH,Room 578,12,3/4/2018
800,Mr,Eare,11/5/2020,123456789,PO Box 40607,9,1/21/2016
801,Honorable,Oyonder,5/30/2021,ABCDEFGH,Apt 1887,8,10/10/2012
802,Dr,Brainlounge,7/6/2017,123456789,Suite 55,12,5/11/2020
803,Ms,Quatz,5/23/2022,123456789,Suite 16,8,6/23/2019
804,Rev,Shufflebeat,5/18/2016,XYZ12345,9th Floor,11,8/16/2015
805,Dr,Lazzy,1/10/2014,123456789,Apt 531,1,11/19/2010
806,Mr,Yakidoo,8/13/2013,123456789,10th Floor,6,5/22/2011
807,Dr,Buzzbean,6/26/2010,123456789,2nd Floor,12,12/12/2015
808,Honorable,Eimbee,8/21/2010,XYZ12345,PO Box 13373,10,8/31/2011
809,Ms,Babbleblab,11/22/2011,ABCDEFGH,Apt 1175,1,9/23/2013
810,Honorable,Shufflester,4/8/2021,ABCDEFGH,4th Floor,10,3/22/2012
811,Mr,Brainbox,8/25/2012,ABCDEFGH,11th Floor,2,2/21/2011
812,Ms,Zoomzone,4/16/2020,XYZ12345,Suite 38,10,10/1/2017
813,Mr,Dazzlesphere,8/25/2015,123456789,Room 310,1,5/24/2012
814,Mrs,Meemm,2/15/2016,ABCDEFGH,Suite 96,4,7/12/2021
815,Ms,Babbleset,10/2/2020,ABCDEFGH,Suite 71,12,12/6/2021
816,Honorable,Kwideo,12/10/2011,123456789,Room 1913,1,6/17/2022
817,Dr,Wikizz,2/9/2020,ABCDEFGH,13th Floor,1,7/11/2010
818,Dr,Trunyx,3/10/2014,ABCDEFGH,PO Box 13961,7,2/14/2016
819,Rev,Eazzy,11/20/2011,ABCDEFGH,PO Box 14905,1,4/18/2015
820,Mrs,Trudeo,4/27/2021,123456789,Apt 1049,10,3/22/2016
821,Mrs,Jabbercube,3/25/2014,123456789,16th Floor,10,4/11/2012
822,Honorable,Meevee,11/1/2021,ABCDEFGH,17th Floor,9,3/3/2011
823,Dr,Jetwire,4/30/2012,123456789,Suite 78,10,11/13/2022
824,Rev,Demizz,10/29/2010,XYZ12345,Room 1107,4,9/25/2013
825,Dr,Yozio,7/29/2022,ABCDEFGH,9th Floor,3,1/14/2016
826,Mrs,Ntags,2/22/2010,XYZ12345,Room 622,8,3/27/2021
827,Mrs,Tagtune,6/1/2021,123456789,Room 1382,12,6/6/2016
828,Mr,Jetwire,10/10/2018,ABCDEFGH,Suite 23,10,9/8/2017
829,Mr,Fivespan,2/28/2018,ABCDEFGH,PO Box 4740,7,2/29/2016
830,Mrs,Aivee,12/1/2022,XYZ12345,1st Floor,9,5/15/2016
831,Ms,Podcat,5/10/2020,ABCDEFGH,Suite 74,5,4/14/2020
832,Rev,Topicware,10/11/2019,123456789,Room 1699,4,5/23/2019
833,Ms,Ntags,3/10/2015,XYZ12345,10th Floor,6,8/23/2018
834,Ms,Mynte,1/27/2016,ABCDEFGH,Apt 1348,10,1/18/2022
835,Ms,Yoveo,1/19/2019,ABCDEFGH,Suite 56,7,11/12/2018
836,Rev,Jaxspan,11/11/2011,123456789,PO Box 150,11,6/22/2022
837,Mrs,Tagfeed,1/24/2016,ABCDEFGH,Apt 1569,9,7/12/2010
838,Mr,Digitube,9/18/2010,ABCDEFGH,Apt 99,6,2/7/2016
839,Ms,Avamm,3/26/2017,123456789,Apt 1252,9,9/12/2011
840,Honorable,Realcube,3/19/2022,XYZ12345,Apt 249,11,6/24/2014
841,Dr,Talane,5/23/2010,XYZ12345,Apt 1387,2,1/8/2021
842,Honorable,Npath,2/6/2010,ABCDEFGH,Room 1684,9,9/25/2010
843,Honorable,Digitube,10/6/2018,ABCDEFGH,4th Floor,11,1/9/2011
844,Mrs,Twitterbeat,9/26/2013,ABCDEFGH,Suite 12,2,7/18/2010
845,Honorable,Wordpedia,3/22/2019,ABCDEFGH,Room 420,9,4/23/2014
846,Honorable,Meejo,2/19/2016,XYZ12345,Apt 1585,1,5/20/2020
847,Ms,Skipfire,10/12/2019,XYZ12345,Apt 434,2,3/20/2017
848,Mrs,Rooxo,9/9/2011,XYZ12345,Room 482,6,3/24/2018
849,Ms,Buzzdog,4/22/2019,XYZ12345,Suite 24,6,2/13/2018
850,Rev,Dynazzy,11/3/2013,ABCDEFGH,Suite 61,5,6/26/2022
851,Ms,Yoveo,12/30/2014,123456789,14th Floor,1,12/16/2020
852,Rev,Jaxworks,11/23/2012,XYZ12345,Room 1306,3,3/26/2013
853,Ms,Blogspan,9/10/2019,XYZ12345,PO Box 77623,5,6/7/2022
854,Dr,Flashset,12/24/2013,ABCDEFGH,14th Floor,3,4/28/2012
855,Honorable,Buzzshare,10/31/2020,123456789,Suite 6,8,1/29/2022
856,Mrs,Mynte,9/24/2020,XYZ12345,Suite 91,11,6/20/2017
857,Mr,Twitterbridge,8/28/2012,ABCDEFGH,Room 1724,6,12/31/2020
858,Ms,Roombo,12/6/2011,ABCDEFGH,PO Box 90784,5,1/26/2011
859,Mrs,Geba,6/4/2022,123456789,7th Floor,12,10/2/2018
860,Dr,Jetwire,2/7/2018,123456789,Apt 728,1,2/28/2014
861,Rev,Meezzy,12/31/2015,123456789,PO Box 37834,11,10/28/2021
862,Honorable,Livetube,9/30/2015,ABCDEFGH,14th Floor,9,5/2/2010
863,Ms,Skyble,2/27/2012,123456789,Room 1761,3,6/29/2012
864,Rev,Skinix,10/21/2013,XYZ12345,Apt 843,7,9/6/2018
865,Ms,Thoughtstorm,4/3/2012,123456789,PO Box 58999,8,3/22/2015
866,Dr,Vipe,7/11/2019,XYZ12345,3rd Floor,5,2/19/2011
867,Mrs,LiveZ,12/5/2018,123456789,Suite 63,1,9/4/2014
868,Honorable,Ooba,8/29/2018,123456789,20th Floor,5,8/4/2012
869,Honorable,Meemm,2/16/2022,XYZ12345,Suite 92,5,6/7/2016
870,Mrs,Reallinks,3/6/2015,123456789,Room 1426,9,5/5/2014
871,Mr,Babbleblab,4/25/2012,XYZ12345,11th Floor,4,8/3/2017
872,Dr,Bubbletube,4/22/2022,123456789,PO Box 59910,2,5/30/2016
873,Dr,Devshare,12/7/2018,123456789,3rd Floor,9,2/25/2016
874,Dr,Trilith,8/21/2020,ABCDEFGH,PO Box 24531,12,11/17/2021
875,Ms,Skyvu,12/12/2017,123456789,4th Floor,2,6/8/2013
876,Mrs,Youopia,5/5/2011,ABCDEFGH,20th Floor,10,7/9/2012
877,Honorable,Wikizz,1/31/2021,ABCDEFGH,Apt 684,11,10/20/2017
878,Dr,Fanoodle,4/2/2022,XYZ12345,15th Floor,4,5/10/2014
879,Ms,Flashdog,12/9/2022,ABCDEFGH,6th Floor,3,7/31/2016
880,Ms,Leexo,2/3/2017,XYZ12345,Suite 9,5,8/4/2011
881,Ms,Dabshots,8/17/2014,ABCDEFGH,Suite 44,9,4/21/2013
882,Mr,Oyoyo,6/22/2017,XYZ12345,PO Box 65885,12,5/14/2021
883,Rev,Fatz,6/24/2021,123456789,Suite 6,8,8/10/2015
884,Honorable,Roombo,8/22/2021,123456789,Suite 100,4,11/4/2022
885,Dr,Yamia,4/17/2020,ABCDEFGH,Apt 100,10,9/11/2021
886,Rev,Gabtype,4/11/2022,XYZ12345,Room 340,10,10/29/2019
887,Dr,Vinder,9/19/2016,XYZ12345,Suite 27,2,8/14/2019
888,Mrs,Realpoint,11/26/2016,ABCDEFGH,Suite 49,3,5/21/2019
889,Mr,Yata,8/20/2013,123456789,Room 1719,7,5/25/2016
890,Honorable,Innojam,3/30/2012,123456789,PO Box 98284,4,10/15/2010
891,Honorable,Digitube,1/14/2018,XYZ12345,Room 339,11,1/31/2020
892,Honorable,Riffpath,5/5/2014,ABCDEFGH,Apt 1334,6,5/19/2016
893,Mr,Oyoyo,2/24/2021,123456789,Suite 49,11,5/3/2020
894,Rev,Skalith,12/22/2016,ABCDEFGH,PO Box 7437,10,10/7/2010
895,Ms,Aimbu,12/28/2012,ABCDEFGH,Suite 4,1,1/30/2016
896,Mr,Jaxspan,4/18/2013,XYZ12345,Apt 590,7,10/15/2013
897,Mr,Youtags,12/18/2011,XYZ12345,Suite 5,2,4/14/2012
898,Mrs,Youopia,9/24/2022,123456789,Suite 79,11,4/20/2022
899,Dr,Lazzy,7/19/2011,123456789,Apt 245,9,12/17/2020
900,Dr,Trilia,6/4/2021,123456789,13th Floor,1,5/21/2022
901,Rev,Skyndu,3/31/2013,123456789,Room 508,6,5/26/2013
902,Dr,Skyvu,3/19/2022,123456789,Apt 75,1,9/10/2010
903,Honorable,Topiczoom,12/3/2017,123456789,4th Floor,1,5/19/2011
904,Mr,Skyble,12/12/2017,ABCDEFGH,Suite 54,5,3/19/2017
905,Honorable,Omba,7/28/2018,XYZ12345,Suite 9,6,9/15/2022
906,Dr,Talane,10/10/2021,123456789,Apt 627,7,4/1/2016
907,Rev,Oozz,6/25/2012,123456789,Apt 1642,2,8/20/2018
908,Honorable,Blognation,3/13/2017,ABCDEFGH,Apt 1345,4,10/13/2011
909,Dr,Fliptune,11/28/2014,ABCDEFGH,Room 1502,9,7/17/2022
910,Mrs,Roomm,7/13/2022,ABCDEFGH,Room 512,3,11/1/2019
911,Honorable,Babbleset,1/27/2011,ABCDEFGH,PO Box 78357,8,11/23/2016
912,Dr,Divanoodle,3/2/2012,ABCDEFGH,Room 1832,10,6/10/2019
913,Dr,Geba,9/3/2011,XYZ12345,16th Floor,2,7/11/2021
914,Mr,Voonte,3/8/2015,ABCDEFGH,Room 1463,3,9/27/2011
915,Ms,Agimba,12/25/2013,XYZ12345,Room 1887,3,5/10/2021
916,Mrs,Flipbug,11/17/2018,ABCDEFGH,Room 1328,2,11/20/2022
917,Mr,Centizu,2/22/2019,ABCDEFGH,PO Box 94278,4,1/23/2022
918,Mr,Flashpoint,7/2/2020,123456789,PO Box 27118,7,8/2/2015
919,Honorable,Zooxo,11/13/2015,XYZ12345,Room 1486,5,9/17/2014
920,Dr,Shuffledrive,6/1/2018,XYZ12345,Suite 17,5,10/28/2022
921,Mrs,Oyoyo,11/4/2018,XYZ12345,Apt 1342,1,6/5/2018
922,Mrs,Gabspot,4/13/2010,123456789,12th Floor,8,8/31/2022
923,Rev,Quire,9/22/2016,ABCDEFGH,PO Box 86116,6,12/24/2018
924,Honorable,Wikizz,7/29/2010,123456789,16th Floor,8,10/22/2015
925,Mr,Trilia,9/22/2012,123456789,PO Box 98927,2,4/21/2021
926,Rev,Jaxworks,9/4/2022,XYZ12345,20th Floor,3,5/29/2017
927,Ms,Teklist,2/2/2012,XYZ12345,Suite 66,10,11/20/2017
928,Dr,Realbridge,1/10/2011,ABCDEFGH,13th Floor,12,10/15/2014
929,Ms,Eabox,7/26/2020,XYZ12345,Suite 88,5,8/22/2021
930,Mrs,Meeveo,6/20/2022,ABCDEFGH,16th Floor,6,12/8/2016
931,Mrs,Omba,6/4/2015,123456789,3rd Floor,11,12/6/2019
932,Mr,Photojam,5/24/2014,XYZ12345,Suite 5,1,9/11/2020
933,Ms,Topiczoom,8/9/2019,123456789,Apt 493,12,7/21/2018
934,Honorable,Trilia,6/26/2020,XYZ12345,20th Floor,8,5/22/2019
935,Ms,Photobean,6/25/2021,ABCDEFGH,Suite 82,2,5/3/2019
936,Ms,Realblab,6/2/2016,XYZ12345,5th Floor,9,4/20/2021
937,Mr,Yodoo,8/7/2021,ABCDEFGH,Suite 10,1,8/9/2011
938,Rev,Zoomcast,5/22/2022,XYZ12345,PO Box 42024,9,9/17/2015
939,Rev,Devcast,1/22/2018,XYZ12345,Room 1982,5,2/1/2017
940,Mrs,Cogibox,4/20/2014,123456789,Suite 67,5,7/30/2010
941,Ms,Wikivu,10/12/2010,ABCDEFGH,11th Floor,11,10/24/2019
942,Ms,Latz,4/11/2016,ABCDEFGH,19th Floor,1,5/8/2010
943,Dr,Rooxo,5/27/2018,ABCDEFGH,Suite 29,7,8/22/2013
944,Dr,Twitterbeat,12/10/2012,123456789,Room 979,1,4/3/2021
945,Rev,Nlounge,1/8/2013,XYZ12345,Suite 43,10,12/6/2018
946,Rev,Meezzy,9/14/2011,123456789,PO Box 32079,4,6/11/2011
947,Ms,Eayo,11/9/2013,XYZ12345,5th Floor,6,12/8/2010
948,Dr,Tagtune,7/15/2020,ABCDEFGH,Room 88,3,3/8/2010
949,Mrs,Ainyx,5/18/2019,ABCDEFGH,Suite 67,10,6/21/2018
950,Rev,Skidoo,8/10/2016,123456789,11th Floor,6,9/12/2019
951,Ms,Centizu,6/4/2010,XYZ12345,Suite 49,5,2/13/2022
952,Rev,Trudoo,6/26/2020,ABCDEFGH,Suite 83,11,1/20/2010
953,Ms,Fiveclub,4/15/2010,XYZ12345,PO Box 91948,4,6/24/2012
954,Mrs,Browsetype,11/22/2021,ABCDEFGH,Apt 470,2,9/11/2018
955,Honorable,Dablist,1/31/2017,ABCDEFGH,Room 1243,1,9/3/2013
956,Honorable,Quinu,10/17/2010,123456789,Apt 1932,10,10/14/2010
957,Mr,Skipstorm,6/28/2016,123456789,Suite 36,9,10/4/2011
958,Rev,Nlounge,1/5/2011,XYZ12345,PO Box 39356,5,4/13/2022
959,Mrs,Flipstorm,8/2/2014,XYZ12345,Room 1880,11,3/23/2012
960,Mr,Cogidoo,7/8/2018,123456789,7th Floor,8,7/13/2010
961,Honorable,Zoomzone,6/19/2017,ABCDEFGH,Room 1649,5,9/3/2010
962,Mr,Oyonder,11/28/2015,123456789,19th Floor,11,5/5/2018
963,Honorable,Omba,8/12/2016,XYZ12345,Apt 503,12,10/21/2012
964,Ms,Avavee,1/26/2021,XYZ12345,Room 52,2,7/22/2018
965,Mrs,Skivee,11/19/2016,XYZ12345,Apt 17,7,7/5/2018
966,Rev,Avamm,8/2/2016,XYZ12345,Suite 25,6,4/3/2012
967,Mrs,Dabvine,5/17/2014,ABCDEFGH,Apt 436,2,7/6/2011
968,Rev,Skiba,5/7/2017,XYZ12345,PO Box 52415,10,2/26/2011
969,Mrs,JumpXS,3/7/2019,XYZ12345,Apt 79,7,1/28/2020
970,Honorable,Fivespan,3/11/2021,XYZ12345,PO Box 49993,5,12/2/2016
971,Mr,Yoveo,12/12/2020,XYZ12345,PO Box 68573,7,4/29/2015
972,Mr,Muxo,9/29/2022,123456789,Suite 16,2,8/16/2019
973,Dr,Oyoba,2/13/2019,ABCDEFGH,Apt 644,1,3/31/2018
974,Mr,Voonte,10/2/2013,123456789,Suite 50,11,8/22/2013
975,Dr,Eire,9/30/2021,123456789,Apt 1400,1,9/10/2017
976,Mrs,Livetube,3/10/2020,XYZ12345,3rd Floor,5,2/26/2017
977,Ms,Tekfly,10/25/2017,XYZ12345,PO Box 14565,3,1/6/2012
978,Ms,Oyoyo,2/18/2018,XYZ12345,Suite 47,3,8/24/2013
979,Honorable,Eabox,12/17/2022,123456789,Suite 76,12,4/4/2014
980,Ms,Chatterpoint,4/14/2013,XYZ12345,PO Box 68687,12,9/25/2013
981,Rev,Voolith,11/8/2011,ABCDEFGH,Suite 98,2,1/31/2011
982,Dr,Blogspan,9/7/2022,XYZ12345,PO Box 87045,12,4/25/2020
983,Dr,Devpoint,5/27/2016,123456789,15th Floor,12,10/20/2017
984,Mrs,Youfeed,4/28/2010,123456789,PO Box 60555,1,12/25/2016
985,Dr,Thoughtmix,4/30/2021,XYZ12345,PO Box 74733,3,9/7/2013
986,Honorable,Youopia,11/2/2010,ABCDEFGH,Room 376,4,1/25/2010
987,Mr,Quimba,7/28/2010,123456789,Room 462,3,8/9/2013
988,Honorable,Thoughtmix,11/5/2019,ABCDEFGH,Suite 99,9,2/24/2015
989,Mr,Oodoo,12/31/2010,123456789,Suite 13,2,4/17/2019
990,Rev,Oyonder,7/17/2013,XYZ12345,6th Floor,8,1/15/2018
991,Mr,Meezzy,9/24/2017,ABCDEFGH,Apt 1428,10,2/22/2010
992,Dr,Skippad,2/4/2019,123456789,Apt 1082,1,5/26/2013
993,Dr,Photojam,6/6/2020,123456789,Apt 1220,1,2/7/2019
994,Mr,Zoomcast,7/31/2016,123456789,PO Box 9490,5,1/26/2014
995,Rev,Vitz,9/9/2020,ABCDEFGH,PO Box 75479,12,1/29/2010
996,Mr,Jaxspan,5/3/2015,123456789,4th Floor,8,12/2/2022
997,Ms,Oba,8/25/2010,ABCDEFGH,Apt 1587,1,11/8/2020
998,Mrs,Demizz,7/26/2016,ABCDEFGH,Apt 1931,10,10/1/2018
999,Mrs,Meetz,3/9/2016,ABCDEFGH,4th Floor,4,11/14/2016
1000,Mr,Centimia,2/18/2017,ABCDEFGH,Room 1417,4,11/29/2019
